run_date,source,dimension,value,count
2026-09-15,jobindex,query,"""deltid studerende""",0
2026-09-15,jobindex,query,"""part-time student""",11
2026-09-15,jobindex,query,"""student assistant""",37
2026-09-15,jobindex,query,"""student position""",7
2026-09-15,jobindex,query,"""student worker""",9
2026-09-15,jobindex,query,studentermedarbejder,11
2026-09-15,jobindex,query,studentermedhjælper,204
2026-09-15,jobindex,query,studiejob,141
2026-09-15,jobindex,query,werkstudent,0
2026-09-15,studerendeonline,sector,Advokat & Revision,16
2026-09-15,studerendeonline,sector,Elektronik & Maskin,17
2026-09-15,studerendeonline,sector,"Finans, Forsikring & Pension",28
2026-09-15,studerendeonline,sector,Forskning & Uddannelse,48
2026-09-15,studerendeonline,sector,IT & Tele,31
2026-09-15,studerendeonline,sector,Kommuner,20
2026-09-15,studerendeonline,sector,"Kultur, Medier & Underholdning",15
2026-09-15,studerendeonline,sector,"Medicinal, Biotek & Kemi",21
2026-09-15,studerendeonline,sector,Rådgivning & Konsulentservice,53
2026-09-15,studerendeonline,sector,"Stat, Politik & Samfund",81
2026-09-15,studerendeonline,total,all,414
2026-09-16,jobindex,query,"""deltid studerende""",0
2026-09-16,jobindex,query,"""part-time student""",9
2026-09-16,jobindex,query,"""student assistant""",40
2026-09-16,jobindex,query,"""student position""",6
2026-09-16,jobindex,query,"""student worker""",11
2026-09-16,jobindex,query,studentermedarbejder,14
2026-09-16,jobindex,query,studentermedhjælper,212
2026-09-16,jobindex,query,studiejob,139
2026-09-16,jobindex,query,werkstudent,0
2026-09-16,studerendeonline,sector,Advokat & Revision,16
2026-09-16,studerendeonline,sector,Elektronik & Maskin,17
2026-09-16,studerendeonline,sector,"Finans, Forsikring & Pension",29
2026-09-16,studerendeonline,sector,Forskning & Uddannelse,47
2026-09-16,studerendeonline,sector,IT & Tele,30
2026-09-16,studerendeonline,sector,Kommuner,20
2026-09-16,studerendeonline,sector,"Kultur, Medier & Underholdning",17
2026-09-16,studerendeonline,sector,"Medicinal, Biotek & Kemi",24
2026-09-16,studerendeonline,sector,Rådgivning & Konsulentservice,51
2026-09-16,studerendeonline,sector,"Stat, Politik & Samfund",81
2026-09-16,studerendeonline,total,all,429
2026-09-17,jobindex,query,"""deltid studerende""",0
2026-09-17,jobindex,query,"""part-time student""",8
2026-09-17,jobindex,query,"""student assistant""",41
2026-09-17,jobindex,query,"""student position""",6
2026-09-17,jobindex,query,"""student worker""",10
2026-09-17,jobindex,query,studentermedarbejder,15
2026-09-17,jobindex,query,studentermedhjælper,202
2026-09-17,jobindex,query,studiejob,133
2026-09-17,jobindex,query,werkstudent,0
2026-09-17,studerendeonline,sector,Advokat & Revision,17
2026-09-17,studerendeonline,sector,"Finans, Forsikring & Pension",28
2026-09-17,studerendeonline,sector,Forskning & Uddannelse,46
2026-09-17,studerendeonline,sector,IT & Tele,31
2026-09-17,studerendeonline,sector,"Klima, Energi & Forsyning",18
2026-09-17,studerendeonline,sector,Kommuner,19
2026-09-17,studerendeonline,sector,"Kultur, Medier & Underholdning",15
2026-09-17,studerendeonline,sector,"Medicinal, Biotek & Kemi",23
2026-09-17,studerendeonline,sector,Rådgivning & Konsulentservice,52
2026-09-17,studerendeonline,sector,"Stat, Politik & Samfund",81
2026-09-17,studerendeonline,total,all,422
2026-09-18,jobindex,query,"""deltid studerende""",0
2026-09-18,jobindex,query,"""part-time student""",8
2026-09-18,jobindex,query,"""student assistant""",41
2026-09-18,jobindex,query,"""student position""",6
2026-09-18,jobindex,query,"""student worker""",9
2026-09-18,jobindex,query,studentermedarbejder,14
2026-09-18,jobindex,query,studentermedhjælper,205
2026-09-18,jobindex,query,studiejob,135
2026-09-18,jobindex,query,werkstudent,0
2026-09-18,studerendeonline,sector,Advokat & Revision,17
2026-09-18,studerendeonline,sector,"Finans, Forsikring & Pension",28
2026-09-18,studerendeonline,sector,Forskning & Uddannelse,47
2026-09-18,studerendeonline,sector,Handel & Service,16
2026-09-18,studerendeonline,sector,IT & Tele,32
2026-09-18,studerendeonline,sector,Kommuner,19
2026-09-18,studerendeonline,sector,"Kultur, Medier & Underholdning",16
2026-09-18,studerendeonline,sector,"Medicinal, Biotek & Kemi",21
2026-09-18,studerendeonline,sector,Rådgivning & Konsulentservice,49
2026-09-18,studerendeonline,sector,"Stat, Politik & Samfund",78
2026-09-18,studerendeonline,total,all,417
2026-09-19,jobindex,query,"""deltid studerende""",0
2026-09-19,jobindex,query,"""part-time student""",10
2026-09-19,jobindex,query,"""student assistant""",44
2026-09-19,jobindex,query,"""student position""",6
2026-09-19,jobindex,query,"""student worker""",9
2026-09-19,jobindex,query,studentermedarbejder,16
2026-09-19,jobindex,query,studentermedhjælper,209
2026-09-19,jobindex,query,studiejob,134
2026-09-19,jobindex,query,werkstudent,0
2026-09-19,studerendeonline,sector,Advokat & Revision,17
2026-09-19,studerendeonline,sector,Elektronik & Maskin,17
2026-09-19,studerendeonline,sector,"Finans, Forsikring & Pension",26
2026-09-19,studerendeonline,sector,Forskning & Uddannelse,45
2026-09-19,studerendeonline,sector,IT & Tele,33
2026-09-19,studerendeonline,sector,Kommuner,18
2026-09-19,studerendeonline,sector,"Kultur, Medier & Underholdning",16
2026-09-19,studerendeonline,sector,"Medicinal, Biotek & Kemi",22
2026-09-19,studerendeonline,sector,Rådgivning & Konsulentservice,51
2026-09-19,studerendeonline,sector,"Stat, Politik & Samfund",79
2026-09-19,studerendeonline,total,all,417
2026-09-20,jobindex,query,"""deltid studerende""",0
2026-09-20,jobindex,query,"""part-time student""",10
2026-09-20,jobindex,query,"""student assistant""",41
2026-09-20,jobindex,query,"""student position""",5
2026-09-20,jobindex,query,"""student worker""",8
2026-09-20,jobindex,query,studentermedarbejder,16
2026-09-20,jobindex,query,studentermedhjælper,204
2026-09-20,jobindex,query,studiejob,131
2026-09-20,jobindex,query,werkstudent,0
2026-09-20,studerendeonline,sector,Advokat & Revision,16
2026-09-20,studerendeonline,sector,Elektronik & Maskin,17
2026-09-20,studerendeonline,sector,"Finans, Forsikring & Pension",26
2026-09-20,studerendeonline,sector,Forskning & Uddannelse,45
2026-09-20,studerendeonline,sector,IT & Tele,33
2026-09-20,studerendeonline,sector,Kommuner,18
2026-09-20,studerendeonline,sector,"Kultur, Medier & Underholdning",16
2026-09-20,studerendeonline,sector,"Medicinal, Biotek & Kemi",22
2026-09-20,studerendeonline,sector,Rådgivning & Konsulentservice,51
2026-09-20,studerendeonline,sector,"Stat, Politik & Samfund",79
2026-09-20,studerendeonline,total,all,416
2026-09-21,jobindex,query,"""deltid studerende""",0
2026-09-21,jobindex,query,"""part-time student""",10
2026-09-21,jobindex,query,"""student assistant""",39
2026-09-21,jobindex,query,"""student position""",5
2026-09-21,jobindex,query,"""student worker""",8
2026-09-21,jobindex,query,studentermedarbejder,15
2026-09-21,jobindex,query,studentermedhjælper,193
2026-09-21,jobindex,query,studiejob,128
2026-09-21,jobindex,query,werkstudent,0
2026-09-21,studerendeonline,sector,Advokat & Revision,16
2026-09-21,studerendeonline,sector,Elektronik & Maskin,17
2026-09-21,studerendeonline,sector,"Finans, Forsikring & Pension",25
2026-09-21,studerendeonline,sector,Forskning & Uddannelse,37
2026-09-21,studerendeonline,sector,IT & Tele,33
2026-09-21,studerendeonline,sector,Kommuner,17
2026-09-21,studerendeonline,sector,"Kultur, Medier & Underholdning",15
2026-09-21,studerendeonline,sector,"Medicinal, Biotek & Kemi",22
2026-09-21,studerendeonline,sector,Rådgivning & Konsulentservice,51
2026-09-21,studerendeonline,sector,"Stat, Politik & Samfund",70
2026-09-21,studerendeonline,total,all,391
2026-09-22,jobindex,query,"""deltid studerende""",0
2026-09-22,jobindex,query,"""part-time student""",10
2026-09-22,jobindex,query,"""student assistant""",36
2026-09-22,jobindex,query,"""student position""",4
2026-09-22,jobindex,query,"""student worker""",9
2026-09-22,jobindex,query,studentermedarbejder,15
2026-09-22,jobindex,query,studentermedhjælper,191
2026-09-22,jobindex,query,studiejob,133
2026-09-22,jobindex,query,werkstudent,0
2026-09-22,studerendeonline,sector,Advokat & Revision,17
2026-09-22,studerendeonline,sector,Elektronik & Maskin,17
2026-09-22,studerendeonline,sector,"Finans, Forsikring & Pension",24
2026-09-22,studerendeonline,sector,Forskning & Uddannelse,35
2026-09-22,studerendeonline,sector,IT & Tele,33
2026-09-22,studerendeonline,sector,Kommuner,18
2026-09-22,studerendeonline,sector,"Kultur, Medier & Underholdning",16
2026-09-22,studerendeonline,sector,"Medicinal, Biotek & Kemi",26
2026-09-22,studerendeonline,sector,Rådgivning & Konsulentservice,54
2026-09-22,studerendeonline,sector,"Stat, Politik & Samfund",70
2026-09-22,studerendeonline,total,all,400
2026-09-23,jobindex,query,"""deltid studerende""",0
2026-09-23,jobindex,query,"""part-time student""",11
2026-09-23,jobindex,query,"""student assistant""",36
2026-09-23,jobindex,query,"""student position""",3
2026-09-23,jobindex,query,"""student worker""",9
2026-09-23,jobindex,query,studentermedarbejder,16
2026-09-23,jobindex,query,studentermedhjælper,194
2026-09-23,jobindex,query,studiejob,127
2026-09-23,jobindex,query,werkstudent,0
2026-09-23,studerendeonline,sector,Advokat & Revision,17
2026-09-23,studerendeonline,sector,Elektronik & Maskin,17
2026-09-23,studerendeonline,sector,"Finans, Forsikring & Pension",23
2026-09-23,studerendeonline,sector,Forskning & Uddannelse,33
2026-09-23,studerendeonline,sector,IT & Tele,33
2026-09-23,studerendeonline,sector,Kommuner,17
2026-09-23,studerendeonline,sector,"Kultur, Medier & Underholdning",17
2026-09-23,studerendeonline,sector,"Medicinal, Biotek & Kemi",27
2026-09-23,studerendeonline,sector,Rådgivning & Konsulentservice,53
2026-09-23,studerendeonline,sector,"Stat, Politik & Samfund",70
2026-09-23,studerendeonline,total,all,397
2026-09-24,jobindex,query,"""deltid studerende""",0
2026-09-24,jobindex,query,"""part-time student""",11
2026-09-24,jobindex,query,"""student assistant""",38
2026-09-24,jobindex,query,"""student position""",2
2026-09-24,jobindex,query,"""student worker""",10
2026-09-24,jobindex,query,studentermedarbejder,21
2026-09-24,jobindex,query,studentermedhjælper,190
2026-09-24,jobindex,query,studiejob,121
2026-09-24,jobindex,query,werkstudent,0
2026-09-24,studerendeonline,sector,Advokat & Revision,17
2026-09-24,studerendeonline,sector,Elektronik & Maskin,17
2026-09-24,studerendeonline,sector,"Finans, Forsikring & Pension",22
2026-09-24,studerendeonline,sector,Forskning & Uddannelse,34
2026-09-24,studerendeonline,sector,Handel & Service,17
2026-09-24,studerendeonline,sector,IT & Tele,34
2026-09-24,studerendeonline,sector,Kommuner,17
2026-09-24,studerendeonline,sector,"Medicinal, Biotek & Kemi",25
2026-09-24,studerendeonline,sector,Rådgivning & Konsulentservice,51
2026-09-24,studerendeonline,sector,"Stat, Politik & Samfund",68
2026-09-24,studerendeonline,total,all,393
2026-09-25,jobindex,query,"""deltid studerende""",0
2026-09-25,jobindex,query,"""part-time student""",7
2026-09-25,jobindex,query,"""student assistant""",36
2026-09-25,jobindex,query,"""student position""",1
2026-09-25,jobindex,query,"""student worker""",10
2026-09-25,jobindex,query,studentermedarbejder,20
2026-09-25,jobindex,query,studentermedhjælper,193
2026-09-25,jobindex,query,studiejob,123
2026-09-25,jobindex,query,werkstudent,0
2026-09-25,studerendeonline,sector,Advokat & Revision,17
2026-09-25,studerendeonline,sector,Elektronik & Maskin,17
2026-09-25,studerendeonline,sector,"Finans, Forsikring & Pension",21
2026-09-25,studerendeonline,sector,Forskning & Uddannelse,33
2026-09-25,studerendeonline,sector,Handel & Service,18
2026-09-25,studerendeonline,sector,IT & Tele,32
2026-09-25,studerendeonline,sector,Kommuner,18
2026-09-25,studerendeonline,sector,"Medicinal, Biotek & Kemi",26
2026-09-25,studerendeonline,sector,Rådgivning & Konsulentservice,53
2026-09-25,studerendeonline,sector,"Stat, Politik & Samfund",65
2026-09-25,studerendeonline,total,all,386
2026-09-26,jobindex,query,"""deltid studerende""",0
2026-09-26,jobindex,query,"""part-time student""",7
2026-09-26,jobindex,query,"""student assistant""",37
2026-09-26,jobindex,query,"""student position""",1
2026-09-26,jobindex,query,"""student worker""",9
2026-09-26,jobindex,query,studentermedarbejder,16
2026-09-26,jobindex,query,studentermedhjælper,189
2026-09-26,jobindex,query,studiejob,117
2026-09-26,jobindex,query,werkstudent,0
2026-09-26,studerendeonline,sector,Advokat & Revision,17
2026-09-26,studerendeonline,sector,"Finans, Forsikring & Pension",22
2026-09-26,studerendeonline,sector,Forskning & Uddannelse,34
2026-09-26,studerendeonline,sector,Handel & Service,18
2026-09-26,studerendeonline,sector,IT & Tele,28
2026-09-26,studerendeonline,sector,"Klima, Energi & Forsyning",17
2026-09-26,studerendeonline,sector,Kommuner,18
2026-09-26,studerendeonline,sector,"Medicinal, Biotek & Kemi",29
2026-09-26,studerendeonline,sector,Rådgivning & Konsulentservice,53
2026-09-26,studerendeonline,sector,"Stat, Politik & Samfund",66
2026-09-26,studerendeonline,total,all,386
2026-09-27,jobindex,query,"""deltid studerende""",0
2026-09-27,jobindex,query,"""part-time student""",7
2026-09-27,jobindex,query,"""student assistant""",37
2026-09-27,jobindex,query,"""student position""",1
2026-09-27,jobindex,query,"""student worker""",9
2026-09-27,jobindex,query,studentermedarbejder,16
2026-09-27,jobindex,query,studentermedhjælper,188
2026-09-27,jobindex,query,studiejob,117
2026-09-27,jobindex,query,werkstudent,0
2026-09-27,studerendeonline,sector,Advokat & Revision,17
2026-09-27,studerendeonline,sector,"Finans, Forsikring & Pension",22
2026-09-27,studerendeonline,sector,Forskning & Uddannelse,34
2026-09-27,studerendeonline,sector,Handel & Service,18
2026-09-27,studerendeonline,sector,IT & Tele,27
2026-09-27,studerendeonline,sector,Kommuner,18
2026-09-27,studerendeonline,sector,"Kultur, Medier & Underholdning",16
2026-09-27,studerendeonline,sector,"Medicinal, Biotek & Kemi",29
2026-09-27,studerendeonline,sector,Rådgivning & Konsulentservice,53
2026-09-27,studerendeonline,sector,"Stat, Politik & Samfund",65
2026-09-27,studerendeonline,total,all,384
2026-09-28,jobindex,query,"""deltid studerende""",0
2026-09-28,jobindex,query,"""part-time student""",7
2026-09-28,jobindex,query,"""student assistant""",37
2026-09-28,jobindex,query,"""student position""",1
2026-09-28,jobindex,query,"""student worker""",10
2026-09-28,jobindex,query,studentermedarbejder,15
2026-09-28,jobindex,query,studentermedhjælper,177
2026-09-28,jobindex,query,studiejob,112
2026-09-28,jobindex,query,werkstudent,0
2026-09-28,studerendeonline,sector,Advokat & Revision,17
2026-09-28,studerendeonline,sector,Elektronik & Maskin,16
2026-09-28,studerendeonline,sector,"Finans, Forsikring & Pension",20
2026-09-28,studerendeonline,sector,Forskning & Uddannelse,33
2026-09-28,studerendeonline,sector,Handel & Service,18
2026-09-28,studerendeonline,sector,IT & Tele,27
2026-09-28,studerendeonline,sector,Kommuner,17
2026-09-28,studerendeonline,sector,"Medicinal, Biotek & Kemi",28
2026-09-28,studerendeonline,sector,Rådgivning & Konsulentservice,53
2026-09-28,studerendeonline,sector,"Stat, Politik & Samfund",58
2026-09-28,studerendeonline,total,all,368
2026-09-29,jobindex,query,"""deltid studerende""",0
2026-09-29,jobindex,query,"""part-time student""",7
2026-09-29,jobindex,query,"""student assistant""",37
2026-09-29,jobindex,query,"""student position""",3
2026-09-29,jobindex,query,"""student worker""",10
2026-09-29,jobindex,query,studentermedarbejder,14
2026-09-29,jobindex,query,studentermedhjælper,170
2026-09-29,jobindex,query,studiejob,112
2026-09-29,jobindex,query,werkstudent,0
2026-09-29,studerendeonline,sector,Advokat & Revision,16
2026-09-29,studerendeonline,sector,"Finans, Forsikring & Pension",19
2026-09-29,studerendeonline,sector,Forskning & Uddannelse,28
2026-09-29,studerendeonline,sector,Handel & Service,19
2026-09-29,studerendeonline,sector,IT & Tele,27
2026-09-29,studerendeonline,sector,Kommuner,17
2026-09-29,studerendeonline,sector,"Kultur, Medier & Underholdning",18
2026-09-29,studerendeonline,sector,"Medicinal, Biotek & Kemi",28
2026-09-29,studerendeonline,sector,Rådgivning & Konsulentservice,54
2026-09-29,studerendeonline,sector,"Stat, Politik & Samfund",58
2026-09-29,studerendeonline,total,all,362
2026-09-30,jobindex,query,"""deltid studerende""",0
2026-09-30,jobindex,query,"""part-time student""",7
2026-09-30,jobindex,query,"""student assistant""",36
2026-09-30,jobindex,query,"""student position""",3
2026-09-30,jobindex,query,"""student worker""",9
2026-09-30,jobindex,query,studentermedarbejder,16
2026-09-30,jobindex,query,studentermedhjælper,171
2026-09-30,jobindex,query,studiejob,108
2026-09-30,jobindex,query,werkstudent,0
2026-09-30,studerendeonline,sector,"Finans, Forsikring & Pension",18
2026-09-30,studerendeonline,sector,Forskning & Uddannelse,29
2026-09-30,studerendeonline,sector,Handel & Service,20
2026-09-30,studerendeonline,sector,IT & Tele,27
2026-09-30,studerendeonline,sector,"Klima, Energi & Forsyning",17
2026-09-30,studerendeonline,sector,Kommuner,18
2026-09-30,studerendeonline,sector,"Kultur, Medier & Underholdning",18
2026-09-30,studerendeonline,sector,"Medicinal, Biotek & Kemi",27
2026-09-30,studerendeonline,sector,Rådgivning & Konsulentservice,49
2026-09-30,studerendeonline,sector,"Stat, Politik & Samfund",57
2026-09-30,studerendeonline,total,all,355
2026-10-01,jobindex,query,"""deltid studerende""",0
2026-10-01,jobindex,query,"""part-time student""",7
2026-10-01,jobindex,query,"""student assistant""",38
2026-10-01,jobindex,query,"""student position""",4
2026-10-01,jobindex,query,"""student worker""",8
2026-10-01,jobindex,query,studentermedarbejder,14
2026-10-01,jobindex,query,studentermedhjælper,176
2026-10-01,jobindex,query,studiejob,110
2026-10-01,jobindex,query,werkstudent,0
2026-10-01,studerendeonline,sector,"Finans, Forsikring & Pension",23
2026-10-01,studerendeonline,sector,Forskning & Uddannelse,24
2026-10-01,studerendeonline,sector,Handel & Service,20
2026-10-01,studerendeonline,sector,IT & Tele,26
2026-10-01,studerendeonline,sector,"Klima, Energi & Forsyning",16
2026-10-01,studerendeonline,sector,Kommuner,18
2026-10-01,studerendeonline,sector,"Kultur, Medier & Underholdning",16
2026-10-01,studerendeonline,sector,"Medicinal, Biotek & Kemi",25
2026-10-01,studerendeonline,sector,Rådgivning & Konsulentservice,48
2026-10-01,studerendeonline,sector,"Stat, Politik & Samfund",57
2026-10-01,studerendeonline,total,all,338
2026-10-02,jobindex,query,"""deltid studerende""",0
2026-10-02,jobindex,query,"""part-time student""",6
2026-10-02,jobindex,query,"""student assistant""",37
2026-10-02,jobindex,query,"""student position""",4
2026-10-02,jobindex,query,"""student worker""",8
2026-10-02,jobindex,query,studentermedarbejder,13
2026-10-02,jobindex,query,studentermedhjælper,169
2026-10-02,jobindex,query,studiejob,104
2026-10-02,jobindex,query,werkstudent,0
2026-10-02,studerendeonline,sector,"Finans, Forsikring & Pension",22
2026-10-02,studerendeonline,sector,Forskning & Uddannelse,22
2026-10-02,studerendeonline,sector,Handel & Service,19
2026-10-02,studerendeonline,sector,IT & Tele,25
2026-10-02,studerendeonline,sector,"Klima, Energi & Forsyning",16
2026-10-02,studerendeonline,sector,Kommuner,16
2026-10-02,studerendeonline,sector,"Kultur, Medier & Underholdning",21
2026-10-02,studerendeonline,sector,"Medicinal, Biotek & Kemi",23
2026-10-02,studerendeonline,sector,Rådgivning & Konsulentservice,47
2026-10-02,studerendeonline,sector,"Stat, Politik & Samfund",59
2026-10-02,studerendeonline,total,all,334
2026-10-04,jobindex,query,"""deltid studerende""",0
2026-10-04,jobindex,query,"""part-time student""",6
2026-10-04,jobindex,query,"""student assistant""",37
2026-10-04,jobindex,query,"""student position""",4
2026-10-04,jobindex,query,"""student worker""",8
2026-10-04,jobindex,query,studentermedarbejder,14
2026-10-04,jobindex,query,studentermedhjælper,179
2026-10-04,jobindex,query,studiejob,114
2026-10-04,jobindex,query,werkstudent,0
2026-10-04,studerendeonline,sector,Advokat & Revision,17
2026-10-04,studerendeonline,sector,"Finans, Forsikring & Pension",22
2026-10-04,studerendeonline,sector,Forskning & Uddannelse,23
2026-10-04,studerendeonline,sector,Handel & Service,18
2026-10-04,studerendeonline,sector,IT & Tele,28
2026-10-04,studerendeonline,sector,"Klima, Energi & Forsyning",18
2026-10-04,studerendeonline,sector,"Kultur, Medier & Underholdning",20
2026-10-04,studerendeonline,sector,"Medicinal, Biotek & Kemi",24
2026-10-04,studerendeonline,sector,Rådgivning & Konsulentservice,48
2026-10-04,studerendeonline,sector,"Stat, Politik & Samfund",60
2026-10-04,studerendeonline,total,all,342
2026-10-05,jobindex,query,"""deltid studerende""",0
2026-10-05,jobindex,query,"""part-time student""",6
2026-10-05,jobindex,query,"""student assistant""",37
2026-10-05,jobindex,query,"""student position""",4
2026-10-05,jobindex,query,"""student worker""",8
2026-10-05,jobindex,query,studentermedarbejder,14
2026-10-05,jobindex,query,studentermedhjælper,166
2026-10-05,jobindex,query,studiejob,111
2026-10-05,jobindex,query,werkstudent,0
2026-10-05,studerendeonline,sector,Advokat & Revision,17
2026-10-05,studerendeonline,sector,"Finans, Forsikring & Pension",18
2026-10-05,studerendeonline,sector,Forskning & Uddannelse,23
2026-10-05,studerendeonline,sector,Handel & Service,18
2026-10-05,studerendeonline,sector,IT & Tele,27
2026-10-05,studerendeonline,sector,Kommuner,17
2026-10-05,studerendeonline,sector,"Kultur, Medier & Underholdning",19
2026-10-05,studerendeonline,sector,"Medicinal, Biotek & Kemi",24
2026-10-05,studerendeonline,sector,Rådgivning & Konsulentservice,47
2026-10-05,studerendeonline,sector,"Stat, Politik & Samfund",57
2026-10-05,studerendeonline,total,all,325
2026-10-06,studerendeonline,sector,Advokat & Revision,17
2026-10-06,studerendeonline,sector,"Finans, Forsikring & Pension",19
2026-10-06,studerendeonline,sector,Forskning & Uddannelse,25
2026-10-06,studerendeonline,sector,Handel & Service,17
2026-10-06,studerendeonline,sector,IT & Tele,27
2026-10-06,studerendeonline,sector,Kommuner,16
2026-10-06,studerendeonline,sector,"Kultur, Medier & Underholdning",22
2026-10-06,studerendeonline,sector,"Medicinal, Biotek & Kemi",25
2026-10-06,studerendeonline,sector,Rådgivning & Konsulentservice,49
2026-10-06,studerendeonline,sector,"Stat, Politik & Samfund",60
2026-10-06,studerendeonline,total,all,336
2026-10-07,studerendeonline,sector,Advokat & Revision,17
2026-10-07,studerendeonline,sector,"Finans, Forsikring & Pension",18
2026-10-07,studerendeonline,sector,Forskning & Uddannelse,31
2026-10-07,studerendeonline,sector,Handel & Service,19
2026-10-07,studerendeonline,sector,IT & Tele,26
2026-10-07,studerendeonline,sector,Kommuner,17
2026-10-07,studerendeonline,sector,"Kultur, Medier & Underholdning",26
2026-10-07,studerendeonline,sector,"Medicinal, Biotek & Kemi",24
2026-10-07,studerendeonline,sector,Rådgivning & Konsulentservice,49
2026-10-07,studerendeonline,sector,"Stat, Politik & Samfund",66
2026-10-07,studerendeonline,total,all,356
2026-10-08,studerendeonline,sector,Advokat & Revision,19
2026-10-08,studerendeonline,sector,"Finans, Forsikring & Pension",17
2026-10-08,studerendeonline,sector,Forskning & Uddannelse,37
2026-10-08,studerendeonline,sector,Handel & Service,20
2026-10-08,studerendeonline,sector,IT & Tele,28
2026-10-08,studerendeonline,sector,Kommuner,19
2026-10-08,studerendeonline,sector,"Kultur, Medier & Underholdning",28
2026-10-08,studerendeonline,sector,"Medicinal, Biotek & Kemi",22
2026-10-08,studerendeonline,sector,Rådgivning & Konsulentservice,50
2026-10-08,studerendeonline,sector,"Stat, Politik & Samfund",67
2026-10-08,studerendeonline,total,all,372
2026-10-09,studerendeonline,sector,Advokat & Revision,19
2026-10-09,studerendeonline,sector,"Finans, Forsikring & Pension",20
2026-10-09,studerendeonline,sector,Forskning & Uddannelse,39
2026-10-09,studerendeonline,sector,Handel & Service,18
2026-10-09,studerendeonline,sector,IT & Tele,32
2026-10-09,studerendeonline,sector,Kommuner,21
2026-10-09,studerendeonline,sector,"Kultur, Medier & Underholdning",28
2026-10-09,studerendeonline,sector,"Medicinal, Biotek & Kemi",21
2026-10-09,studerendeonline,sector,Rådgivning & Konsulentservice,53
2026-10-09,studerendeonline,sector,"Stat, Politik & Samfund",68
2026-10-09,studerendeonline,total,all,389
